ref,stim1,stim2,stim3,stim4,stim5,stim6,stim7,stim8,stim9,stim10,stim11,stim12,stim13,stim14
image01,image35,image30,image29,image19,image33,image20,image08,image25,image31,image11,image09,image13,image32,image36
image01,image14,image23,image12,image35,image27,image19,image26,image02,image21,image16,image04,image06,image07,image17
image01,image28,image04,image22,image37,image18,image03,image24,image17,image05,image13,image25,image15,image34,image10
image02,image05,image25,image11,image27,image35,image26,image20,image08,image34,image12,image03,image14,image29,image01
image02,image32,image24,image07,image28,image06,image05,image21,image37,image17,image13,image33,image23,image10,image34
image02,image04,image20,image31,image09,image30,image10,image08,image19,image36,image15,image18,image24,image22,image16
image03,image18,image10,image06,image23,image12,image33,image35,image25,image02,image09,image30,image08,image29,image28
image03,image34,image30,image17,image14,image32,image22,image23,image01,image07,image16,image19,image26,image24,image20
image03,image37,image36,image13,image27,image04,image06,image10,image21,image31,image11,image34,image15,image05,image14
image04,image22,image01,image12,image30,image24,image08,image29,image11,image10,image03,image18,image15,image23,image07
image04,image35,image36,image21,image05,image20,image06,image13,image28,image18,image32,image14,image33,image17,image10
image04,image26,image34,image19,image25,image29,image37,image20,image31,image02,image16,image27,image32,image23,image09
image05,image25,image34,image12,image09,image36,image29,image17,image31,image10,image27,image35,image14,image20,image04
image05,image21,image19,image01,image33,image20,image37,image04,image26,image24,image13,image28,image30,image02,image22
image05,image07,image08,image18,image11,image36,image23,image03,image15,image16,image32,image06,image09,image26,image22
image06,image36,image11,image21,image19,image24,image03,image02,image26,image31,image29,image10,image22,image07,image18
image06,image35,image32,image33,image10,image08,image14,image13,image04,image09,image03,image34,image05,image20,image15
image06,image17,image25,image12,image01,image30,image27,image21,image24,image37,image23,image35,image16,image28,image20
image07,image19,image31,image23,image08,image04,image26,image02,image34,image24,image12,image36,image09,image28,image15
image07,image06,image29,image30,image11,image16,image27,image32,image01,image12,image10,image33,image17,image31,image14
image07,image20,image35,image36,image18,image22,image05,image02,image03,image13,image33,image11,image25,image21,image37
image08,image22,image24,image21,image20,image35,image26,image32,image33,image30,image04,image17,image34,image13,image12
image08,image03,image18,image28,image23,image09,image29,image24,image02,image10,image13,image05,image37,image15,image25
image08,image16,image36,image25,image14,image11,image19,image01,image06,image26,image07,image23,image17,image31,image27
image09,image28,image23,image04,image02,image21,image15,image30,image33,image32,image37,image16,image07,image31,image12
image09,image10,image01,image29,image20,image03,image33,image05,image25,image26,image30,image17,image35,image13,image27
image09,image16,image24,image08,image36,image02,image18,image19,image34,image11,image25,image06,image10,image22,image14
image10,image35,image12,image13,image16,image14,image26,image28,image15,image21,image27,image02,image01,image06,image19
image10,image22,image18,image28,image29,image25,image09,image36,image04,image01,image07,image03,image31,image32,image08
image10,image05,image37,image03,image12,image20,image17,image30,image33,image21,image11,image24,image22,image34,image23
image11,image01,image26,image33,image34,image08,image25,image22,image36,image29,image14,image20,image06,image04,image13
image11,image15,image16,image32,image28,image27,image24,image29,image01,image07,image18,image10,image23,image12,image21
image11,image04,image19,image30,image34,image31,image05,image03,image37,image02,image16,image17,image09,image23,image35
image12,image09,image15,image27,image29,image16,image07,image06,image02,image30,image13,image36,image14,image03,image11
image12,image37,image28,image04,image34,image19,image01,image13,image35,image23,image08,image22,image25,image31,image29
image12,image33,image17,image30,image19,image18,image26,image23,image10,image05,image32,image20,image24,image21,image15
image13,image20,image15,image28,image12,image33,image31,image09,image21,image25,image01,image30,image24,image34,image35
image13,image27,image19,image10,image24,image03,image07,image14,image01,image37,image06,image22,image29,image26,image08
image13,image32,image02,image25,image23,image06,image09,image18,image36,image04,image17,image11,image07,image05,image16
image14,image17,image10,image21,image11,image34,image33,image15,image20,image04,image02,image37,image31,image06,image36
image14,image11,image15,image32,image22,image09,image03,image01,image13,image24,image35,image16,image07,image12,image08
image14,image30,image31,image19,image23,image27,image25,image28,image03,image29,image06,image26,image18,image24,image05
image15,image32,image01,image10,image30,image27,image35,image07,image36,image12,image14,image25,image20,image34,image29
image15,image09,image13,image06,image10,image23,image21,image05,image19,image33,image11,image36,image37,image17,image31
image15,image06,image03,image28,image16,image04,image22,image31,image18,image24,image08,image02,image25,image26,image30
image16,image06,image05,image19,image15,image02,image24,image03,image27,image29,image01,image18,image04,image35,image14
image16,image11,image23,image17,image19,image28,image37,image25,image12,image26,image34,image33,image06,image10,image30
image16,image07,image09,image13,image10,image32,image36,image01,image04,image17,image20,image22,image31,image21,image08
image17,image01,image12,image35,image19,image24,image06,image26,image34,image31,image27,image28,image32,image15,image18
image17,image33,image11,image20,image21,image10,image08,image22,image07,image27,image18,image13,image03,image29,image16
image17,image04,image25,image30,image10,image05,image29,image37,image23,image09,image02,image14,image15,image36,image35
image18,image33,image02,image30,image15,image17,image06,image11,image09,image28,image03,image32,image13,image21,image01
image18,image12,image27,image05,image31,image25,image29,image13,image34,image37,image36,image26,image14,image24,image32
image18,image16,image33,image35,image26,image02,image20,image07,image19,image22,image10,image04,image08,image23,image36
image19,image25,image33,image07,image14,image12,image16,image15,image13,image20,image02,image22,image01,image11,image05
image19,image32,image37,image27,image17,image23,image18,image02,image03,image09,image35,image10,image11,image24,image31
image19,image34,image29,image36,image20,image28,image30,image21,image08,image06,image04,image10,image26,image35,image15
image20,image18,image12,image17,image03,image05,image09,image04,image35,image15,image21,image19,image08,image11,image10
image20,image37,image13,image30,image27,image26,image33,image23,image32,image14,image25,image16,image07,image35,image10
image20,image34,image04,image28,image24,image36,image31,image06,image29,image19,image33,image01,image22,image02,image32
image21,image28,image09,image23,image10,image13,image37,image05,image32,image25,image18,image29,image01,image17,image22
image21,image30,image35,image26,image27,image36,image34,image18,image20,image14,image04,image31,image16,image01,image15
image21,image31,image03,image23,image19,image11,image08,image33,image07,image06,image12,image24,image16,image02,image29
image22,image08,image11,image19,image09,image32,image06,image14,image28,image30,image25,image26,image15,image01,image23
image22,image20,image15,image35,image16,image18,image02,image36,image07,image04,image17,image28,image34,image31,image37
image22,image10,image21,image13,image17,image05,image12,image24,image09,image32,image03,image35,image27,image33,image29
image23,image22,image30,image11,image13,image33,image09,image05,image37,image02,image35,image26,image25,image24,image21
image23,image02,image06,image32,image36,image08,image15,image28,image34,image10,image07,image03,image13,image29,image14
image23,image12,image18,image04,image27,image01,image20,image37,image14,image29,image17,image16,image31,image19,image09
image24,image15,image01,image37,image12,image09,image31,image28,image34,image23,image26,image10,image22,image11,image36
image24,image26,image17,image08,image06,image19,image29,image25,image35,image01,image03,image27,image33,image18,image30
image24,image04,image07,image14,image05,image08,image13,image20,image16,image34,image32,image21,image02,image22,image19
image25,image05,image36,image07,image11,image17,image22,image14,image35,image19,image10,image03,image21,image28,image13
image25,image06,image02,image04,image17,image18,image27,image15,image09,image33,image01,image05,image31,image30,image37
image25,image20,image19,image08,image09,image16,image26,image03,image18,image23,image32,image29,image24,image34,image12
image26,image18,image35,image31,image25,image13,image06,image20,image32,image17,image34,image04,image36,image10,image16
image26,image07,image17,image02,image16,image22,image11,image03,image29,image15,image21,image19,image23,image37,image33
image26,image30,image12,image01,image35,image28,image24,image06,image14,image05,image07,image33,image09,image27,image08
image27,image12,image06,image37,image16,image23,image31,image33,image09,image35,image11,image32,image03,image13,image07
image27,image01,image05,image26,image16,image02,image20,image06,image21,image24,image19,image15,image28,image34,image14
image27,image32,image21,image25,image30,image08,image26,image17,image18,image10,image22,image04,image29,image36,image37
image28,image26,image21,image02,image19,image03,image20,image24,image14,image12,image31,image25,image29,image33,image06
image28,image26,image37,image13,image30,image11,image23,image16,image15,image18,image27,image21,image09,image32,image01
image28,image22,image17,image29,image16,image34,image07,image33,image36,image08,image18,image10,image35,image04,image05
image29,image07,image19,image28,image26,image32,image15,image12,image31,image35,image02,image30,image08,image21,image05
image29,image04,image18,image21,image20,image32,image22,image14,image34,image09,image33,image36,image13,image17,image01
image29,image28,image16,image03,image09,image25,image15,image36,image11,image37,image23,image24,image06,image10,image27
image30,image04,image27,image10,image22,image16,image37,image25,image21,image32,image19,image18,image33,image08,image34
image30,image14,image17,image20,image37,image29,image01,image36,image31,image33,image07,image05,image03,image24,image06
image30,image17,image28,image25,image09,image15,image23,image26,image16,image12,image11,image35,image14,image02,image13
image31,image35,image34,image12,image23,image14,image27,image22,image30,image33,image25,image03,image16,image01,image08
image31,image18,image11,image27,image37,image36,image20,image26,image29,image35,image02,image24,image09,image06,image28
image31,image21,image32,image07,image18,image14,image17,image15,image23,image13,image04,image11,image10,image05,image19
image32,image37,image07,image24,image01,image04,image06,image27,image31,image23,image30,image28,image10,image12,image17
image32,image11,image20,image02,image14,image22,image08,image21,image03,image10,image26,image04,image19,image16,image35
image32,image28,image34,image09,image05,image15,image19,image25,image29,image13,image18,image21,image36,image33,image07
image33,image22,image36,image35,image32,image21,image30,image16,image27,image28,image23,image06,image19,image24,image05
image33,image09,image25,image07,image02,image27,image03,image04,image29,image18,image30,image11,image13,image08,image20
image33,image14,image26,image34,image15,image10,image31,image23,image37,image12,image07,image17,image01,image02,image05
image34,image14,image03,image37,image28,image05,image26,image12,image35,image17,image23,image16,image19,image09,image02
image34,image08,image02,image31,image22,image33,image32,image36,image18,image10,image30,image24,image19,image01,image15
image34,image20,image11,image29,image17,image33,image37,image36,image07,image25,image21,image27,image06,image13,image04
image35,image05,image32,image03,image25,image15,image11,image19,image24,image21,image04,image09,image16,image17,image31
image35,image29,image21,image14,image31,image20,image06,image07,image37,image08,image23,image02,image30,image22,image27
image35,image36,image01,image06,image34,image11,image10,image13,image33,image02,image18,image04,image28,image26,image12
image36,image14,image02,image34,image27,image01,image15,image04,image33,image03,image05,image26,image21,image16,image29
image36,image25,image07,image30,image18,image06,image11,image29,image22,image05,image19,image13,image28,image08,image35
image36,image20,image10,image32,image23,image06,image24,image37,image17,image16,image08,image09,image27,image12,image31
image37,image17,image05,image32,image28,image09,image20,image26,image12,image16,image04,image23,image08,image34,image15
image37,image11,image33,image05,image27,image35,image29,image25,image13,image36,image12,image07,image31,image21,image03
image37,image30,image19,image06,image18,image33,image32,image10,image14,image01,image24,image03,image22,image02,image34
